StudentID,Sex,Height,Group,Gender,Location,Weight,Age
1,1,15,MW,M,Wales,65,18
2,2,129,FW,F,Wales,54.5,19
3,2,129,FW,F,Wales,62.5,17
4,2,129,FW,F,Wales,62.5,20
5,2,129,FW,F,Wales,56.5,21
6,2,12,FW,F,Wales,74.5,18
7,2,132,FW,F,Wales,59,17
8,2,134,FW,F,Wales,71,19
9,2,134,FW,F,Wales,69,20
10,2,134,FW,F,Wales,69,21
11,2,134,FW,F,Wales,62,35
12,2,,FW,F,Wales,60,27
13,2,136,FW,F,Wales,70,24
14,2,136,FW,F,Wales,60,25
15,2,136,FW,F,Wales,65,24
16,1,139,MW,M,Wales,65.5,23
17,2,139,FW,F,Wales,77.5,18
18,2,139,FW,F,Wales,79.5,18
19,2,139,FW,F,Wales,62.5,19
20,2,139,FW,F,Wales,79.5,17
21,2,139,FW,F,Wales,63.5,20
22,2,139,FW,F,Wales,59.5,21
23,1,140,MW,M,Wales,69,18
24,1,140,MW,M,Wales,79,17
25,2,140,FW,F,Wales,67,19
26,2,140,FW,F,Wales,77,20
27,2,140,FW,F,Wales,73,21
28,2,140,FW,F,Wales,75,35
29,2,140,FW,F,Wales,60,27
30,2,140,FW,F,Wales,77,24
31,2,140,FW,F,Wales,60,25
32,2,140,FW,F,Wales,74,24
33,2,140,FW,F,Wales,74,23
34,2,143,FW,F,Wales,76.5,18
35,2,143,FW,F,Wales,65.5,18
36,2,143,FW,F,Wales,81.5,19
37,2,143,FW,F,Wales,73.5,17
38,2,143,FW,F,Wales,64.5,20
39,2,143,FW,F,Wales,81.5,21
40,2,143,FW,F,Wales,75.5,18
41,1,145,MW,M,Wales,80.5,17
42,1,145,MW,M,Wales,71.5,19
43,1,145,MW,M,Wales,76.5,20
44,1,145,MW,M,Wales,75.5,21
45,1,145,MW,M,Wales,81.5,35
46,2,145,FW,F,Wales,68.5,27
47,2,145,FW,F,Wales,79.5,24
48,2,145,FW,F,Wales,75.5,25
49,2,145,FW,F,Wales,79.5,24
50,2,145,FW,F,Wales,72.5,23
51,2,145,FW,F,Wales,71.5,18
52,1,147,MW,M,Wales,70.5,18
53,2,147,FW,F,Wales,66.5,19
54,2,147,FW,F,Wales,66.5,17
55,2,147,FW,F,Wales,75.5,20
56,2,147,FW,F,Wales,63.5,21
57,2,147,Fworld,F,World,70.5,18
58,1,149,MW,M,Wales,64.5,17
59,1,149,MW,M,Wales,65.5,19
60,1,149,MW,,Wales,75.5,20
61,1,149,MW,M,Wales,68.5,21
62,2,149,FW,F,Wales,69.5,35
63,2,149,FW,F,Wales,82.5,27
64,1,151,MW,M,Wales,71.5,24
65,1,151,MW,M,Wales,77.5,25
66,1,151,MW,M,Wales,83.5,24
67,1,151,MW,M,Wales,68.5,23
68,1,151,MW,M,Wales,84.5,18
69,1,151,MW,M,Wales,68.5,18
70,2,151,FW,F,Wales,78.5,19
71,2,151,FW,F,Wales,85.5,17
72,2,151,FW,F,Wales,85.5,20
73,2,152,Fworld,F,World,76,21
74,2,152,Fworld,F,World,75,18
75,1,153,MW,M,Wales,86.5,17
76,1,153,MW,M,Wales,78.5,19
77,1,153,MW,M,Wales,82.5,20
78,1,153,MW,M,Wales,77.5,21
79,1,153,MW,M,Wales,68.5,35
80,1,153,MW,M,Wales,78.5,27
81,1,153,MW,M,Wales,67.5,24
82,1,153,MW,M,Wales,78.5,25
83,1,153,MW,M,Wales,69.5,24
84,2,153,FW,,Wales,68.5,23
85,1,155,Mworld,M,World,73.5,18
86,2,155,Fworld,F,World,84.5,18
87,1,156,MW,M,Wales,75,19
88,1,156,MW,M,Wales,80,17
89,1,156,MW,M,Wales,88,20
90,1,156,MW,M,Wales,81,21
91,1,157,MW,M,Wales,71.5,18
92,1,157,MW,M,Wales,77.5,17
93,1,157,MW,M,Wales,73.5,19
94,1,157,MW,M,Wales,72.5,20
95,1,157,MW,M,Wales,83.5,21
96,1,157,MW,M,Wales,78.5,35
97,2,158,Fworld,F,World,71,27
98,2,158,Fworld,F,World,84,24
99,2,158,Fworld,F,World,82,25
100,2,158,Fworld,F,World,74,24
101,2,158,Fworld,F,World,85,23
102,1,160,MW,M,Wales,85,18
103,1,160,MW,,Wales,75,18
104,1,160,MW,M,Wales,82,19
105,2,160,FW,F,Wales,89,17
106,1,160,Mworld,M,World,71,20
107,2,160,Fworld,F,World,76,21
108,2,160,Fworld,F,World,85,18
109,2,160,Fworld,F,World,73,17
110,2,160,Fworld,F,World,71,19
111,2,160,Fworld,F,World,83,20
112,2,160,Fworld,F,World,85,21
113,2,160,Fworld,F,World,89,35
114,2,160,Fworld,F,World,81,27
115,2,160,Fworld,F,World,87,24
116,2,160,Fworld,F,World,83,25
117,2,160,Fworld,F,World,76,24
118,2,160,Fworld,F,World,70,23
119,2,161,Fworld,F,World,87.5,18
120,1,162,MW,M,Wales,89,18
121,1,162,MW,M,Wales,86,19
122,1,162,MW,M,Wales,85,17
123,1,162,MW,M,Wales,73,20
124,2,162,Fworld,F,World,72,21
125,2,162,Fworld,F,World,83,18
126,2,162,Fworld,F,World,87,17
127,1,163,Mworld,M,World,74.5,19
128,2,163,Fworld,F,World,79.5,20
129,2,163,Fworld,F,World,79.5,21
130,2,163,Fworld,F,World,77.5,35
131,2,163,Fworld,F,World,89.5,27
132,2,163,Fworld,F,World,76.5,24
133,2,163,Fworld,F,World,90.5,25
134,2,163,Fworld,F,World,80.5,24
135,2,163,Fworld,F,World,90.5,23
136,2,163,Fworld,F,World,75.5,18
137,2,163,Fworld,F,World,72.5,18
138,2,163,Fworld,F,World,74.5,19
139,2,163,Fworld,F,World,80.5,17
140,2,163,Fworld,F,World,77.5,20
141,2,163,Fworld,F,World,73.5,21
142,1,164,MW,M,Wales,87,18
143,1,164,MW,M,Wales,75,17
144,2,164,Fworld,F,World,79,19
145,2,164,Fworld,F,World,72,20
146,2,164,Fworld,F,World,83,21
147,2,164,Fworld,F,World,87,35
148,1,165,Mworld,M,World,82.5,27
149,2,165,Fworld,F,World,83.5,24
150,2,165,Fworld,F,World,74.5,25
151,2,165,Fworld,F,World,75.5,24
152,2,165,Fworld,F,World,77.5,23
153,2,165,Fworld,F,World,92.5,18
154,2,165,Fworld,F,World,86.5,18
155,2,165,Fworld,F,World,91.5,19
156,2,165,Fworld,F,World,75.5,17
157,2,165,Fworld,F,World,72.5,20
158,2,165,Fworld,F,World,73.5,21
159,2,165,Fworld,F,World,75.5,18
160,2,165,Fworld,F,World,89.5,17
161,2,165,Fworld,F,World,75.5,19
162,2,165,Fworld,F,World,92.5,20
163,2,165,Fworld,F,World,92.5,21
164,2,165,Fworld,F,World,80.5,35
165,2,165,Fworld,F,World,90.5,27
166,2,165,Fworld,F,World,81.5,24
167,2,165,Fworld,F,World,73.5,25
168,2,165,Fworld,F,World,78.5,24
169,1,166,Mworld,M,World,88,23
170,2,166,Fworld,F,World,84,18
171,1,167,MW,M,Wales,93.5,18
172,2,167,Fworld,F,World,75.5,19
173,2,167,Fworld,F,World,86.5,17
174,2,167,Fworld,F,World,80.5,20
175,2,168,Fworld,F,World,79,21
176,2,168,Fworld,F,World,84,18
177,2,168,Fworld,F,World,83,17
178,2,168,Fworld,F,World,88,19
179,2,168,Fworld,F,World,89,20
180,2,168,Fworld,F,World,78,21
181,2,168,Fworld,F,World,90,35
182,2,168,Fworld,F,World,74,27
183,2,168,Fworld,F,World,77,24
184,2,168,Fworld,F,World,84,25
185,2,168,Fworld,F,World,75,24
186,2,168,Fworld,F,World,84,23
187,2,168,Fworld,F,World,86,18
188,2,168,Fworld,F,World,93,18
189,2,168,Fworld,F,World,77,19
190,2,168,Fworld,F,World,91,17
191,2,168,Fworld,F,World,85,20
192,2,168,Fworld,F,World,74,21
193,2,168,Fworld,F,World,78,18
194,2,168,Fworld,F,World,74,17
195,2,169,Fworld,F,World,90.5,19
196,2,169,Fworld,F,World,84.5,20
197,1,170,Mworld,M,World,88,21
198,1,170,Mworld,M,World,95,35
199,1,170,Mworld,M,World,76,27
200,1,170,Mworld,M,World,81,24
201,2,170,Fworld,F,World,88,25
202,2,170,Fworld,F,World,86,24
203,2,170,Fworld,F,World,76,23
204,2,170,Fworld,F,World,81,18
205,2,170,Fworld,F,World,91,18
206,2,170,Fworld,F,World,85,19
207,2,170,Fworld,F,World,90,17
208,2,170,Fworld,F,World,75,20
209,2,170,Fworld,F,World,78,21
210,2,170,Fworld,F,World,79,18
211,2,170,Fworld,,World,94,17
212,2,170,Fworld,F,World,78,19
213,2,170,Fworld,F,World,76,20
214,2,170,Fworld,F,World,79,21
215,2,170,Fworld,F,World,80,35
216,2,170,Fworld,F,World,75,27
217,2,170,Fworld,F,World,84,24
218,2,170,Fworld,F,World,76,25
219,1,172,Mworld,M,World,89,24
220,2,172,Fworld,F,World,87,23
221,1,173,Mworld,M,World,80.5,18
222,1,173,Mworld,M,World,79.5,18
223,1,173,Mworld,M,World,96.5,19
224,1,173,Mworld,M,World,92.5,17
225,1,173,Mworld,M,World,76.5,20
226,2,173,Fworld,F,World,94.5,21
227,2,173,Fworld,F,World,91.5,18
228,2,173,Fworld,F,World,89.5,17
229,2,173,Fworld,F,World,78.5,19
230,2,173,Fworld,F,World,83.5,20
231,2,173,Fworld,F,World,77.5,21
232,2,173,Fworld,F,World,93.5,35
233,2,173,Fworld,F,World,84.5,27
234,2,174,Fworld,F,World,90,24
235,1,175,Mworld,M,World,97.5,25
236,1,175,Mworld,M,World,87.5,24
237,1,175,Mworld,M,World,97.5,23
238,1,175,Mworld,M,World,79.5,18
239,1,175,Mworld,M,World,97.5,18
240,1,175,Mworld,M,World,79.5,19
241,2,175,Fworld,F,World,79.5,17
242,2,175,Fworld,F,World,94.5,20
243,2,175,Fworld,F,World,92.5,21
244,2,175,Fworld,F,World,80.5,18
245,2,175,Fworld,F,World,85.5,17
246,2,175,Fworld,F,World,89.5,19
247,1,178,Mworld,M,World,86,20
248,1,17,Mworld,M,World,96,21
249,1,178,Mworld,M,World,94,35
250,1,178,Mworld,M,World,82,27
251,1,178,Mworld,M,World,83,24
252,1,178,Mworld,M,World,83,25
253,1,178,Mworld,M,World,96,24
254,1,178,Mworld,M,World,89,23
255,2,178,Fworld,F,World,85,18
256,2,178,Fworld,F,World,79,18
257,2,178,Fworld,F,World,83,19
258,2,178,Fworld,F,World,96,17
259,2,178,Fworld,F,World,80,20
260,2,178,Fworld,F,World,84,21
261,1,179,Mworld,M,World,81.5,18
262,1,180,Mworld,M,World,81,17
263,1,180,Mworld,M,World,96,19
264,1,180,Mworld,M,World,100,20
265,1,180,Mworld,M,World,86,21
266,1,180,Mworld,M,World,86,35
267,1,180,Mworld,M,World,80,27
268,1,180,Mworld,M,World,87,24
269,1,180,Mworld,M,World,85,25
270,1,180,Mworld,M,World,97,24
271,2,180,Fworld,F,World,84,23
272,2,180,Fworld,F,World,80,18
273,2,180,Fworld,F,World,80,18
274,2,180,Fworld,F,World,86,19
275,2,180,Fworld,F,World,100,17
276,1,181,Mworld,M,World,83.5,20
277,1,182,Mworld,M,World,83,21
278,1,183,Mworld,M,World,90.5,18
279,1,183,Mworld,M,World,92.5,17
280,1,183,Mworld,M,World,92.5,19
281,1,183,Mworld,M,World,90.5,20
282,1,183,Mworld,M,World,99.5,21
283,1,183,Mworld,M,World,90.5,35
284,1,183,Mworld,M,World,96.5,27
285,1,183,Mworld,M,World,84.5,24
286,1,183,Mworld,M,World,95.5,25
287,1,183,Mworld,M,World,87.5,24
288,1,185,Mworld,M,World,99.5,23
289,1,185,Mworld,M,World,85.5,18
290,1,185,Mworld,M,World,96.5,18
291,1,185,Mworld,M,World,100.5,19
292,1,185,Mworld,M,World,85.5,17
293,1,185,Mworld,M,World,87.5,20
294,1,185,Mworld,M,World,86.5,21
295,1,185,Mworld,M,World,89.5,18
296,1,188,Mworld,M,World,101,17
297,1,188,Mworld,M,World,92,19
298,1,188,Mworld,M,World,103,20
299,1,188,Mworld,M,World,85,21
300,1,188,Mworld,M,World,90,35
301,1,190,Mworld,M,World,92,27
302,1,190,Mworld,M,World,100,24
303,1,190,Mworld,,World,92,25
304,1,190,Mworld,M,World,103,24
305,1,192,Mworld,M,World,97,23
