﻿Sex,Height,Country,Age
Male,164,Wales,18
Male,151,Wales,19
Male,162,Wales,17
Male,153,Wales,20
Male,149,Wales,21
Male,167,Wales,18
Male,156,Wales,17
Male,151,Wales,19
Male,153,Wales,20
Male,160,Wales,21
Male,160,Wales,35
Male,157,Wales,27
Male,156,Wales,24
Male,145,Wales,25
Male,153,Wales,24
Male,151,Wales,23
Male,162,Wales,18
Male,162,Wales,18
Male,157,Wales,19
Male,156,Wales,17
Male,145,Wales,20
Male,153,Wales,21
Male,145,Wales,18
Male,153,Wales,17
Male,149,Wales,19
Male,156,Wales,20
Male,151,Wales,21
Male,151,Wales,35
Male,140,Wales,27
Male,160,Wales,24
Male,147,Wales,25
Male,157,Wales,24
Male,157,Wales,23
Male,139,Wales,18
Male,145,Wales,18
Male,153,Wales,19
Male,140,Wales,17
Male,157,Wales,20
Male,164,Wales,21
Male,153,Wales,18
Male,162,Wales,17
Male,145,Wales,19
Male,149,Wales,20
Male,157,Wales,21
Male,157,Wales,35
Male,153,Wales,27
Male,151,Wales,24
Male,153,Wales,25
Male,149,Wales,24
Male,132,Wales,23
Female,147,Wales,18
Female,129,Wales,18
Female,151,Wales,19
Female,129,Wales,17
Female,129,Wales,20
Female,136,Wales,21
Female,147,Wales,18
Female,136,Wales,17
Female,139,Wales,19
Female,139,Wales,20
Female,140,Wales,21
Female,145,Wales,35
Female,140,Wales,27
Female,145,Wales,24
Female,145,Wales,25
Female,140,Wales,24
Female,143,Wales,23
Female,153,Wales,18
Female,151,Wales,18
Female,134,Wales,19
Female,140,Wales,17
Female,149,Wales,20
Female,136,Wales,21
Female,143,Wales,18
Female,143,Wales,17
Female,136,Wales,19
Female,140,Wales,20
Female,129,Wales,21
Female,139,Wales,35
Female,149,Wales,27
Female,151,Wales,24
Female,134,Wales,25
Female,139,Wales,24
Female,140,Wales,23
Female,143,Wales,18
Female,143,Wales,18
Female,147,Wales,19
Female,145,Wales,17
Female,140,Wales,20
Female,139,Wales,21
Female,145,Wales,18
Female,134,Wales,17
Female,143,Wales,19
Female,129,Wales,20
Female,140,Wales,21
Female,145,Wales,35
Female,139,Wales,27
Female,140,Wales,24
Female,147,Wales,25
Female,134,Wales,24
Female,160,Wales,23
Female,143,Wales,18
Male,185,World,18
Male,183,World,19
Male,180,World,17
Male,175,World,20
Male,180,World,21
Male,172,World,18
Male,188,World,17
Male,180,World,19
Male,190,World,20
Male,178,World,21
Male,173,World,35
Male,183,World,27
Male,175,World,24
Male,192,World,25
Male,185,World,24
Male,190,World,23
Male,180,World,18
Male,185,World,18
Male,170,World,19
Male,188,World,17
Male,185,World,20
Male,173,World,21
Male,178,World,18
Male,182,World,17
Male,190,World,19
Male,180,World,20
Male,190,World,21
Male,178,World,35
Male,160,World,27
Male,185,World,24
Male,155,World,25
Male,173,World,24
Male,170,World,23
Male,173,World,18
Male,180,World,18
Male,188,World,19
Male,175,World,17
Male,183,World,20
Male,180,World,21
Male,165,World,18
Male,178,World,17
Male,188,World,19
Male,179,World,20
Male,170,World,21
Male,185,World,35
Male,166,World,27
Male,178,World,24
Male,183,World,25
Male,178,World,24
Male,170,World,23
Male,173,World,18
Male,180,World,18
Male,183,World,19
Male,185,World,17
Male,178,World,20
Male,181,World,21
Male,188,World,18
Male,185,World,17
Male,175,World,19
Male,183,World,20
Male,183,World,21
Male,163,World,35
Male,175,World,27
Male,175,World,24
Male,183,World,25
Male,183,World,24
Male,178,World,23
Male,183,World,18
Male,180,World,18
Female,160,World,19
Female,163,World,17
Female,160,World,20
Female,167,World,21
Female,160,World,18
Female,168,World,17
Female,170,World,19
Female,165,World,20
Female,168,World,21
Female,165,World,35
Female,173,World,27
Female,162,World,24
Female,170,World,25
Female,170,World,24
Female,163,World,23
Female,164,World,18
Female,152,World,18
Female,175,World,19
Female,174,World,17
Female,163,World,20
Female,168,World,21
Female,170,World,18
Female,168,World,17
Female,180,World,19
Female,166,World,20
Female,165,World,21
Female,173,World,35
Female,163,World,27
Female,173,World,24
Female,173,World,25
Female,160,World,24
Female,165,World,23
Female,161,World,18
Female,178,World,18
Female,163,World,19
Female,163,World,17
Female,173,World,20
Female,158,World,21
Female,168,World,18
Female,168,World,17
Female,162,World,19
Female,168,World,20
Female,168,World,21
Female,165,World,35
Female,164,World,27
Female,165,World,24
Female,170,World,25
Female,163,World,24
Female,160,World,23
Female,170,World,18
Female,163,World,18
Female,147,World,19
Female,180,World,17
Female,160,World,20
Female,165,World,21
Female,173,World,18
Female,170,World,17
Female,165,World,19
Female,165,World,20
Female,165,World,21
Female,170,World,35
Female,175,World,27
Female,175,World,24
Female,165,World,25
Female,160,World,24
Female,168,World,23
Female,168,World,18
Female,163,World,18
Female,165,World,19
Female,158,World,17
Female,173,World,20
Female,168,World,21
Female,170,World,18
Female,170,World,17
Female,173,World,19
Female,170,World,20
Female,167,World,21
Female,180,World,35
Female,170,World,27
Female,168,World,24
Female,170,World,25
Female,165,World,24
Female,162,World,23
Female,155,World,18
Female,163,World,18
Female,175,World,19
Female,170,World,17
Female,170,World,20
Female,165,World,21
Female,170,World,18
Female,180,World,17
Female,178,World,19
Female,160,World,20
Female,168,World,21
Female,158,World,35
Female,170,World,27
Female,168,World,24
Female,160,World,25
Female,158,World,24
Female,168,World,23
Female,158,World,18
Female,160,World,18
Female,163,World,19
Female,178,World,17
Female,164,World,20
Female,168,World,21
Female,165,World,18
Female,163,World,17
Female,160,World,19
Female,167,World,20
Female,168,World,21
Female,165,World,35
Female,165,World,27
Female,165,World,24
Female,163,World,25
Female,168,World,24
Female,169,World,23
Female,180,World,18
Female,178,World,18
Female,160,World,19
Female,165,World,17
Female,168,World,20
Female,178,World,21
Female,172,World,18
Female,165,World,17
Female,164,World,19
Female,163,World,20
Female,175,World,21
Female,169,World,35
Female,175,World,27
Female,170,World,24
Female,152,World,25
Female,168,World,24
Female,178,World,23